message;severity;node;stamp;location
"Oh no! I hit the wall! (Clamping from [x=5.836118, y=-0.031981])";"30";"turtlesim3.sim";"1759221804.394413055";"./src/turtle.cpp:update:288"
"Oh no! I hit the wall! (Clamping from [x=5.835005, y=-0.031981])";"30";"turtlesim3.sim";"1759221804.353221583";"./src/turtle.cpp:update:288"
"Oh no! I hit the wall! (Clamping from [x=5.833892, y=-0.031981])";"30";"turtlesim3.sim";"1759221804.303862520";"./src/turtle.cpp:update:288"
"Oh no! I hit the wall! (Clamping from [x=5.832778, y=-0.031981])";"30";"turtlesim3.sim";"1759221804.257457046";"./src/turtle.cpp:update:288"
"Oh no! I hit the wall! (Clamping from [x=2.383479, y=-0.029307])";"30";"turtlesim2.sim";"1759221804.242272263";"./src/turtle.cpp:update:288"
"Oh no! I hit the wall! (Clamping from [x=2.396328, y=-0.029307])";"30";"turtlesim2.sim";"1759221804.204417221";"./src/turtle.cpp:update:288"
"Oh no! I hit the wall! (Clamping from [x=11.120627, y=4.437457])";"30";"turtlesim1.sim";"1759221804.172529646";"./src/turtle.cpp:update:288"
"Oh no! I hit the wall! (Clamping from [x=5.831665, y=-0.031981])";"30";"turtlesim3.sim";"1759221804.188619353";"./src/turtle.cpp:update:288"
"Oh no! I hit the wall! (Clamping from [x=2.409178, y=-0.029307])";"30";"turtlesim2.sim";"1759221804.154840680";"./src/turtle.cpp:update:288"
"Oh no! I hit the wall! (Clamping from [x=5.830552, y=-0.031981])";"30";"turtlesim3.sim";"1759221804.148499261";"./src/turtle.cpp:update:288"
"Oh no! I hit the wall! (Clamping from [x=11.120627, y=4.441542])";"30";"turtlesim1.sim";"1759221804.131148257";"./src/turtle.cpp:update:288"
"Oh no! I hit the wall! (Clamping from [x=2.422027, y=-0.029307])";"30";"turtlesim2.sim";"1759221804.122663475";"./src/turtle.cpp:update:288"
"Oh no! I hit the wall! (Clamping from [x=5.829439, y=-0.031981])";"30";"turtlesim3.sim";"1759221804.093587820";"./src/turtle.cpp:update:288"
"Oh no! I hit the wall! (Clamping from [x=2.434877, y=-0.029307])";"30";"turtlesim2.sim";"1759221804.069362568";"./src/turtle.cpp:update:288"
"Oh no! I hit the wall! (Clamping from [x=11.120627, y=4.445627])";"30";"turtlesim1.sim";"1759221804.066675837";"./src/turtle.cpp:update:288"
"Oh no! I hit the wall! (Clamping from [x=2.447726, y=-0.029307])";"30";"turtlesim2.sim";"1759221804.025655135";"./src/turtle.cpp:update:288"
"Oh no! I hit the wall! (Clamping from [x=5.827212, y=-0.031981])";"30";"turtlesim3.sim";"1759221803.993950741";"./src/turtle.cpp:update:288"
"Oh no! I hit the wall! (Clamping from [x=2.460576, y=-0.029307])";"30";"turtlesim2.sim";"1759221803.980138492";"./src/turtle.cpp:update:288"
"Oh no! I hit the wall! (Clamping from [x=11.120627, y=4.453796])";"30";"turtlesim1.sim";"1759221803.975753793";"./src/turtle.cpp:update:288"
"Oh no! I hit the wall! (Clamping from [x=5.826099, y=-0.031981])";"30";"turtlesim3.sim";"1759221803.955865066";"./src/turtle.cpp:update:288"
"Oh no! I hit the wall! (Clamping from [x=2.473425, y=-0.029307])";"30";"turtlesim2.sim";"1759221803.935765555";"./src/turtle.cpp:update:288"
"Oh no! I hit the wall! (Clamping from [x=11.120627, y=4.457881])";"30";"turtlesim1.sim";"1759221803.921087916";"./src/turtle.cpp:update:288"
"Oh no! I hit the wall! (Clamping from [x=5.824986, y=-0.031981])";"30";"turtlesim3.sim";"1759221803.919644365";"./src/turtle.cpp:update:288"
"Oh no! I hit the wall! (Clamping from [x=2.486275, y=-0.029307])";"30";"turtlesim2.sim";"1759221803.900830811";"./src/turtle.cpp:update:288"
"Oh no! I hit the wall! (Clamping from [x=11.120627, y=4.461966])";"30";"turtlesim1.sim";"1759221803.861786943";"./src/turtle.cpp:update:288"
"Oh no! I hit the wall! (Clamping from [x=2.499124, y=-0.029307])";"30";"turtlesim2.sim";"1759221803.841102691";"./src/turtle.cpp:update:288"
"Oh no! I hit the wall! (Clamping from [x=5.823872, y=-0.031981])";"30";"turtlesim3.sim";"1759221803.841210770";"./src/turtle.cpp:update:288"
"Oh no! I hit the wall! (Clamping from [x=2.511973, y=-0.029307])";"30";"turtlesim2.sim";"1759221803.796216077";"./src/turtle.cpp:update:288"
"Oh no! I hit the wall! (Clamping from [x=5.822759, y=-0.031981])";"30";"turtlesim3.sim";"1759221803.794363223";"./src/turtle.cpp:update:288"
"Oh no! I hit the wall! (Clamping from [x=5.821646, y=-0.031981])";"30";"turtlesim3.sim";"1759221803.725472767";"./src/turtle.cpp:update:288"
"Oh no! I hit the wall! (Clamping from [x=11.120627, y=4.474221])";"30";"turtlesim1.sim";"1759221803.692803482";"./src/turtle.cpp:update:288"
"Oh no! I hit the wall! (Clamping from [x=5.820532, y=-0.031981])";"30";"turtlesim3.sim";"1759221803.667684442";"./src/turtle.cpp:update:288"
"Oh no! I hit the wall! (Clamping from [x=2.550522, y=-0.029307])";"30";"turtlesim2.sim";"1759221803.650212576";"./src/turtle.cpp:update:288"
"Oh no! I hit the wall! (Clamping from [x=11.120627, y=4.478305])";"30";"turtlesim1.sim";"1759221803.641515203";"./src/turtle.cpp:update:288"
"Oh no! I hit the wall! (Clamping from [x=5.819419, y=-0.031981])";"30";"turtlesim3.sim";"1759221803.619425513";"./src/turtle.cpp:update:288"
"Oh no! I hit the wall! (Clamping from [x=2.563371, y=-0.029307])";"30";"turtlesim2.sim";"1759221803.609363295";"./src/turtle.cpp:update:288"
"Oh no! I hit the wall! (Clamping from [x=2.576221, y=-0.029307])";"30";"turtlesim2.sim";"1759221803.554468240";"./src/turtle.cpp:update:288"
"Oh no! I hit the wall! (Clamping from [x=5.817193, y=-0.031981])";"30";"turtlesim3.sim";"1759221803.532783913";"./src/turtle.cpp:update:288"
"Oh no! I hit the wall! (Clamping from [x=11.120627, y=4.486475])";"30";"turtlesim1.sim";"1759221803.534998141";"./src/turtle.cpp:update:288"
"Oh no! I hit the wall! (Clamping from [x=2.601920, y=-0.029307])";"30";"turtlesim2.sim";"1759221803.489143755";"./src/turtle.cpp:update:288"
"Oh no! I hit the wall! (Clamping from [x=5.816079, y=-0.031981])";"30";"turtlesim3.sim";"1759221803.468747942";"./src/turtle.cpp:update:288"
"Oh no! I hit the wall! (Clamping from [x=11.120627, y=4.494645])";"30";"turtlesim1.sim";"1759221803.441043361";"./src/turtle.cpp:update:288"
"Oh no! I hit the wall! (Clamping from [x=2.614769, y=-0.029307])";"30";"turtlesim2.sim";"1759221803.428508173";"./src/turtle.cpp:update:288"
"Oh no! I hit the wall! (Clamping from [x=5.814966, y=-0.031981])";"30";"turtlesim3.sim";"1759221803.410551173";"./src/turtle.cpp:update:288"
"Oh no! I hit the wall! (Clamping from [x=2.627619, y=-0.029307])";"30";"turtlesim2.sim";"1759221803.398489477";"./src/turtle.cpp:update:288"
"Oh no! I hit the wall! (Clamping from [x=5.813853, y=-0.031981])";"30";"turtlesim3.sim";"1759221803.358038851";"./src/turtle.cpp:update:288"
"Oh no! I hit the wall! (Clamping from [x=5.812740, y=-0.031981])";"30";"turtlesim3.sim";"1759221803.328329121";"./src/turtle.cpp:update:288"
"Oh no! I hit the wall! (Clamping from [x=2.653317, y=-0.029307])";"30";"turtlesim2.sim";"1759221803.326628002";"./src/turtle.cpp:update:288"
"Oh no! I hit the wall! (Clamping from [x=5.811626, y=-0.031981])";"30";"turtlesim3.sim";"1759221803.313117331";"./src/turtle.cpp:update:288"
"Oh no! I hit the wall! (Clamping from [x=11.120627, y=4.515069])";"30";"turtlesim1.sim";"1759221803.299321258";"./src/turtle.cpp:update:288"
"Oh no! I hit the wall! (Clamping from [x=11.120627, y=4.523238])";"30";"turtlesim1.sim";"1759221803.265344775";"./src/turtle.cpp:update:288"
"Oh no! I hit the wall! (Clamping from [x=11.120627, y=4.527323])";"30";"turtlesim1.sim";"1759221803.256373568";"./src/turtle.cpp:update:288"
"Oh no! I hit the wall! (Clamping from [x=2.691866, y=-0.029307])";"30";"turtlesim2.sim";"1759221803.251149796";"./src/turtle.cpp:update:288"
"Oh no! I hit the wall! (Clamping from [x=11.120627, y=4.531408])";"30";"turtlesim1.sim";"1759221803.238988607";"./src/turtle.cpp:update:288"
"Oh no! I hit the wall! (Clamping from [x=2.717565, y=-0.029307])";"30";"turtlesim2.sim";"1759221803.212672543";"./src/turtle.cpp:update:288"
"Oh no! I hit the wall! (Clamping from [x=11.120627, y=4.539578])";"30";"turtlesim1.sim";"1759221803.200168337";"./src/turtle.cpp:update:288"
"Oh no! I hit the wall! (Clamping from [x=11.120627, y=4.543663])";"30";"turtlesim1.sim";"1759221803.184532808";"./src/turtle.cpp:update:288"
"Oh no! I hit the wall! (Clamping from [x=5.810513, y=-0.031981])";"30";"turtlesim3.sim";"1759221801.448544138";"./src/turtle.cpp:update:288"
"Oh no! I hit the wall! (Clamping from [x=5.809400, y=-0.031981])";"30";"turtlesim3.sim";"1759221801.401827095";"./src/turtle.cpp:update:288"
"Oh no! I hit the wall! (Clamping from [x=5.808287, y=-0.031981])";"30";"turtlesim3.sim";"1759221801.339770890";"./src/turtle.cpp:update:288"
"Oh no! I hit the wall! (Clamping from [x=2.730414, y=-0.029307])";"30";"turtlesim2.sim";"1759221801.317347051";"./src/turtle.cpp:update:288"
"Oh no! I hit the wall! (Clamping from [x=11.120627, y=4.547747])";"30";"turtlesim1.sim";"1759221801.279581422";"./src/turtle.cpp:update:288"
"Oh no! I hit the wall! (Clamping from [x=5.807173, y=-0.031981])";"30";"turtlesim3.sim";"1759221801.278536127";"./src/turtle.cpp:update:288"
"Oh no! I hit the wall! (Clamping from [x=2.743264, y=-0.029307])";"30";"turtlesim2.sim";"1759221801.276261776";"./src/turtle.cpp:update:288"
"Oh no! I hit the wall! (Clamping from [x=5.806060, y=-0.031981])";"30";"turtlesim3.sim";"1759221801.237575800";"./src/turtle.cpp:update:288"
"Oh no! I hit the wall! (Clamping from [x=2.756113, y=-0.029307])";"30";"turtlesim2.sim";"1759221801.217677122";"./src/turtle.cpp:update:288"
"Oh no! I hit the wall! (Clamping from [x=11.120627, y=4.551832])";"30";"turtlesim1.sim";"1759221801.209519996";"./src/turtle.cpp:update:288"
"Oh no! I hit the wall! (Clamping from [x=5.804947, y=-0.031981])";"30";"turtlesim3.sim";"1759221801.163673131";"./src/turtle.cpp:update:288"
"Oh no! I hit the wall! (Clamping from [x=11.120627, y=4.555917])";"30";"turtlesim1.sim";"1759221801.157753760";"./src/turtle.cpp:update:288"
"Oh no! I hit the wall! (Clamping from [x=11.120627, y=4.560002])";"30";"turtlesim1.sim";"1759221801.097153858";"./src/turtle.cpp:update:288"
"Oh no! I hit the wall! (Clamping from [x=2.794661, y=-0.029307])";"30";"turtlesim2.sim";"1759221801.069242366";"./src/turtle.cpp:update:288"
"Oh no! I hit the wall! (Clamping from [x=11.120627, y=4.564087])";"30";"turtlesim1.sim";"1759221801.049208041";"./src/turtle.cpp:update:288"
"Oh no! I hit the wall! (Clamping from [x=2.807511, y=-0.029307])";"30";"turtlesim2.sim";"1759221801.009255340";"./src/turtle.cpp:update:288"
"Oh no! I hit the wall! (Clamping from [x=5.801607, y=-0.031981])";"30";"turtlesim3.sim";"1759221801.007421572";"./src/turtle.cpp:update:288"
"Oh no! I hit the wall! (Clamping from [x=11.120627, y=4.568172])";"30";"turtlesim1.sim";"1759221800.997414573";"./src/turtle.cpp:update:288"
"Oh no! I hit the wall! (Clamping from [x=2.820360, y=-0.029307])";"30";"turtlesim2.sim";"1759221800.977608661";"./src/turtle.cpp:update:288"
"Oh no! I hit the wall! (Clamping from [x=11.120627, y=4.572256])";"30";"turtlesim1.sim";"1759221800.963219793";"./src/turtle.cpp:update:288"
"Oh no! I hit the wall! (Clamping from [x=5.800494, y=-0.031981])";"30";"turtlesim3.sim";"1759221800.962337036";"./src/turtle.cpp:update:288"
"Oh no! I hit the wall! (Clamping from [x=2.833210, y=-0.029307])";"30";"turtlesim2.sim";"1759221800.942687412";"./src/turtle.cpp:update:288"
"Oh no! I hit the wall! (Clamping from [x=5.799381, y=-0.031981])";"30";"turtlesim3.sim";"1759221800.933647370";"./src/turtle.cpp:update:288"
"Oh no! I hit the wall! (Clamping from [x=11.120627, y=4.576341])";"30";"turtlesim1.sim";"1759221800.914580143";"./src/turtle.cpp:update:288"
"Oh no! I hit the wall! (Clamping from [x=2.846059, y=-0.029307])";"30";"turtlesim2.sim";"1759221800.904293316";"./src/turtle.cpp:update:288"
"Oh no! I hit the wall! (Clamping from [x=5.797154, y=-0.031981])";"30";"turtlesim3.sim";"1759221800.832146416";"./src/turtle.cpp:update:288"
"Oh no! I hit the wall! (Clamping from [x=11.120627, y=4.592680])";"30";"turtlesim1.sim";"1759221800.722550620";"./src/turtle.cpp:update:288"
"Oh no! I hit the wall! (Clamping from [x=5.793814, y=-0.031981])";"30";"turtlesim3.sim";"1759221800.690027923";"./src/turtle.cpp:update:288"
"Oh no! I hit the wall! (Clamping from [x=11.120627, y=4.600850])";"30";"turtlesim1.sim";"1759221800.627746368";"./src/turtle.cpp:update:288"
"Oh no! I hit the wall! (Clamping from [x=2.936005, y=-0.029307])";"30";"turtlesim2.sim";"1759221800.610640993";"./src/turtle.cpp:update:288"
"Oh no! I hit the wall! (Clamping from [x=2.948855, y=-0.029307])";"30";"turtlesim2.sim";"1759221800.552406941";"./src/turtle.cpp:update:288"
"Oh no! I hit the wall! (Clamping from [x=5.790475, y=-0.031981])";"30";"turtlesim3.sim";"1759221800.530866557";"./src/turtle.cpp:update:288"
"Oh no! I hit the wall! (Clamping from [x=2.961704, y=-0.029307])";"30";"turtlesim2.sim";"1759221800.507963658";"./src/turtle.cpp:update:288"
"Oh no! I hit the wall! (Clamping from [x=11.120627, y=4.609020])";"30";"turtlesim1.sim";"1759221800.502743723";"./src/turtle.cpp:update:288"
"Oh no! I hit the wall! (Clamping from [x=2.974554, y=-0.029307])";"30";"turtlesim2.sim";"1759221800.485904997";"./src/turtle.cpp:update:288"
"Oh no! I hit the wall! (Clamping from [x=5.789361, y=-0.031981])";"30";"turtlesim3.sim";"1759221800.483226088";"./src/turtle.cpp:update:288"
"Oh no! I hit the wall! (Clamping from [x=2.987403, y=-0.029307])";"30";"turtlesim2.sim";"1759221800.441591880";"./src/turtle.cpp:update:288"
"Oh no! I hit the wall! (Clamping from [x=11.120627, y=4.617189])";"30";"turtlesim1.sim";"1759221800.430480043";"./src/turtle.cpp:update:288"
"Oh no! I hit the wall! (Clamping from [x=3.000253, y=-0.029307])";"30";"turtlesim2.sim";"1759221800.402503487";"./src/turtle.cpp:update:288"
"Oh no! I hit the wall! (Clamping from [x=5.787135, y=-0.031981])";"30";"turtlesim3.sim";"1759221800.396597133";"./src/turtle.cpp:update:288"
"Oh no! I hit the wall! (Clamping from [x=11.120627, y=4.621274])";"30";"turtlesim1.sim";"1759221800.377744433";"./src/turtle.cpp:update:288"
"Oh no! I hit the wall! (Clamping from [x=5.786021, y=-0.031981])";"30";"turtlesim3.sim";"1759221800.357631397";"./src/turtle.cpp:update:288"
"Oh no! I hit the wall! (Clamping from [x=3.013102, y=-0.029307])";"30";"turtlesim2.sim";"1759221800.348768597";"./src/turtle.cpp:update:288"
"Oh no! I hit the wall! (Clamping from [x=11.120627, y=4.625359])";"30";"turtlesim1.sim";"1759221800.323385797";"./src/turtle.cpp:update:288"
"Oh no! I hit the wall! (Clamping from [x=3.025952, y=-0.029307])";"30";"turtlesim2.sim";"1759221800.311650812";"./src/turtle.cpp:update:288"
"Oh no! I hit the wall! (Clamping from [x=5.784908, y=-0.031981])";"30";"turtlesim3.sim";"1759221800.305829175";"./src/turtle.cpp:update:288"
"Oh no! I hit the wall! (Clamping from [x=11.120627, y=4.629444])";"30";"turtlesim1.sim";"1759221800.284586942";"./src/turtle.cpp:update:288"
"Oh no! I hit the wall! (Clamping from [x=3.038801, y=-0.029307])";"30";"turtlesim2.sim";"1759221800.266608810";"./src/turtle.cpp:update:288"
"Oh no! I hit the wall! (Clamping from [x=5.783795, y=-0.031981])";"30";"turtlesim3.sim";"1759221800.252701696";"./src/turtle.cpp:update:288"
"Oh no! I hit the wall! (Clamping from [x=3.051651, y=-0.029307])";"30";"turtlesim2.sim";"1759221800.234109878";"./src/turtle.cpp:update:288"
"Oh no! I hit the wall! (Clamping from [x=11.120627, y=4.633529])";"30";"turtlesim1.sim";"1759221800.233630331";"./src/turtle.cpp:update:288"
"Oh no! I hit the wall! (Clamping from [x=5.782682, y=-0.031981])";"30";"turtlesim3.sim";"1759221800.220709165";"./src/turtle.cpp:update:288"
"Oh no! I hit the wall! (Clamping from [x=3.064500, y=-0.029307])";"30";"turtlesim2.sim";"1759221800.197253317";"./src/turtle.cpp:update:288"
"Oh no! I hit the wall! (Clamping from [x=11.120627, y=4.637614])";"30";"turtlesim1.sim";"1759221800.196353038";"./src/turtle.cpp:update:288"
"Oh no! I hit the wall! (Clamping from [x=5.781568, y=-0.031981])";"30";"turtlesim3.sim";"1759221800.160850658";"./src/turtle.cpp:update:288"
"Oh no! I hit the wall! (Clamping from [x=3.077349, y=-0.029307])";"30";"turtlesim2.sim";"1759221800.150252646";"./src/turtle.cpp:update:288"
"Oh no! I hit the wall! (Clamping from [x=11.120627, y=4.641698])";"30";"turtlesim1.sim";"1759221800.144099896";"./src/turtle.cpp:update:288"
"Oh no! I hit the wall! (Clamping from [x=5.780455, y=-0.031981])";"30";"turtlesim3.sim";"1759221800.112855238";"./src/turtle.cpp:update:288"
"Oh no! I hit the wall! (Clamping from [x=11.120627, y=4.645783])";"30";"turtlesim1.sim";"1759221800.077384613";"./src/turtle.cpp:update:288"
"Oh no! I hit the wall! (Clamping from [x=3.103048, y=-0.023857])";"30";"turtlesim2.sim";"1759221800.063005853";"./src/turtle.cpp:update:288"
"Oh no! I hit the wall! (Clamping from [x=5.779342, y=-0.031981])";"30";"turtlesim3.sim";"1759221800.054273420";"./src/turtle.cpp:update:288"
"Oh no! I hit the wall! (Clamping from [x=11.120627, y=4.649868])";"30";"turtlesim1.sim";"1759221800.028900795";"./src/turtle.cpp:update:288"
"Oh no! I hit the wall! (Clamping from [x=5.778229, y=-0.031981])";"30";"turtlesim3.sim";"1759221800.002735412";"./src/turtle.cpp:update:288"
"Oh no! I hit the wall! (Clamping from [x=11.120627, y=4.653953])";"30";"turtlesim1.sim";"1759221799.982085976";"./src/turtle.cpp:update:288"
"Oh no! I hit the wall! (Clamping from [x=5.777115, y=-0.031981])";"30";"turtlesim3.sim";"1759221799.960491541";"./src/turtle.cpp:update:288"
"Oh no! I hit the wall! (Clamping from [x=11.120627, y=4.658038])";"30";"turtlesim1.sim";"1759221799.938568300";"./src/turtle.cpp:update:288"
"Oh no! I hit the wall! (Clamping from [x=5.776002, y=-0.031981])";"30";"turtlesim3.sim";"1759221799.909546402";"./src/turtle.cpp:update:288"
"Oh no! I hit the wall! (Clamping from [x=11.120627, y=4.662123])";"30";"turtlesim1.sim";"1759221799.864044526";"./src/turtle.cpp:update:288"
"Oh no! I hit the wall! (Clamping from [x=5.774889, y=-0.031981])";"30";"turtlesim3.sim";"1759221799.840248615";"./src/turtle.cpp:update:288"
"Oh no! I hit the wall! (Clamping from [x=11.120627, y=4.666207])";"30";"turtlesim1.sim";"1759221799.822148687";"./src/turtle.cpp:update:288"
"Oh no! I hit the wall! (Clamping from [x=5.773776, y=-0.031981])";"30";"turtlesim3.sim";"1759221799.794873720";"./src/turtle.cpp:update:288"
"Oh no! I hit the wall! (Clamping from [x=11.120627, y=4.670292])";"30";"turtlesim1.sim";"1759221799.787505886";"./src/turtle.cpp:update:288"
"Oh no! I hit the wall! (Clamping from [x=5.772662, y=-0.031981])";"30";"turtlesim3.sim";"1759221799.760726885";"./src/turtle.cpp:update:288"
"Oh no! I hit the wall! (Clamping from [x=11.120627, y=4.674377])";"30";"turtlesim1.sim";"1759221799.729269882";"./src/turtle.cpp:update:288"
"Oh no! I hit the wall! (Clamping from [x=5.771549, y=-0.031981])";"30";"turtlesim3.sim";"1759221799.707639073";"./src/turtle.cpp:update:288"
"Oh no! I hit the wall! (Clamping from [x=11.120627, y=4.678462])";"30";"turtlesim1.sim";"1759221799.680411675";"./src/turtle.cpp:update:288"
"Oh no! I hit the wall! (Clamping from [x=5.770436, y=-0.031981])";"30";"turtlesim3.sim";"1759221799.668342011";"./src/turtle.cpp:update:288"
"Oh no! I hit the wall! (Clamping from [x=11.120627, y=4.682547])";"30";"turtlesim1.sim";"1759221799.628251538";"./src/turtle.cpp:update:288"
"Oh no! I hit the wall! (Clamping from [x=5.769323, y=-0.031981])";"30";"turtlesim3.sim";"1759221799.618802775";"./src/turtle.cpp:update:288"
"Oh no! I hit the wall! (Clamping from [x=11.120627, y=4.686631])";"30";"turtlesim1.sim";"1759221799.590867482";"./src/turtle.cpp:update:288"
"Oh no! I hit the wall! (Clamping from [x=5.768209, y=-0.031981])";"30";"turtlesim3.sim";"1759221799.581867517";"./src/turtle.cpp:update:288"
"Oh no! I hit the wall! (Clamping from [x=11.120627, y=4.690716])";"30";"turtlesim1.sim";"1759221799.542319753";"./src/turtle.cpp:update:288"
"Oh no! I hit the wall! (Clamping from [x=5.767096, y=-0.031981])";"30";"turtlesim3.sim";"1759221799.525852527";"./src/turtle.cpp:update:288"
"Oh no! I hit the wall! (Clamping from [x=11.120627, y=4.694801])";"30";"turtlesim1.sim";"1759221799.509241681";"./src/turtle.cpp:update:288"
"Oh no! I hit the wall! (Clamping from [x=5.765983, y=-0.031981])";"30";"turtlesim3.sim";"1759221799.481984241";"./src/turtle.cpp:update:288"
"Oh no! I hit the wall! (Clamping from [x=11.120627, y=4.698886])";"30";"turtlesim1.sim";"1759221799.463679008";"./src/turtle.cpp:update:288"
"Oh no! I hit the wall! (Clamping from [x=5.764870, y=-0.031981])";"30";"turtlesim3.sim";"1759221799.449128923";"./src/turtle.cpp:update:288"
"Oh no! I hit the wall! (Clamping from [x=11.120627, y=4.702971])";"30";"turtlesim1.sim";"1759221799.401686492";"./src/turtle.cpp:update:288"
"Oh no! I hit the wall! (Clamping from [x=5.763756, y=-0.031981])";"30";"turtlesim3.sim";"1759221799.395873461";"./src/turtle.cpp:update:288"
"Oh no! I hit the wall! (Clamping from [x=11.120627, y=4.707056])";"30";"turtlesim1.sim";"1759221799.360117060";"./src/turtle.cpp:update:288"
"Oh no! I hit the wall! (Clamping from [x=5.762643, y=-0.031981])";"30";"turtlesim3.sim";"1759221799.355717960";"./src/turtle.cpp:update:288"
"Oh no! I hit the wall! (Clamping from [x=11.120627, y=4.711140])";"30";"turtlesim1.sim";"1759221799.314544216";"./src/turtle.cpp:update:288"
"Oh no! I hit the wall! (Clamping from [x=5.761530, y=-0.031981])";"30";"turtlesim3.sim";"1759221799.310179486";"./src/turtle.cpp:update:288"
"Oh no! I hit the wall! (Clamping from [x=11.120627, y=4.715225])";"30";"turtlesim1.sim";"1759221799.273175736";"./src/turtle.cpp:update:288"
"Oh no! I hit the wall! (Clamping from [x=5.760417, y=-0.031981])";"30";"turtlesim3.sim";"1759221799.262240062";"./src/turtle.cpp:update:288"
"Oh no! I hit the wall! (Clamping from [x=11.120627, y=4.719310])";"30";"turtlesim1.sim";"1759221799.231752607";"./src/turtle.cpp:update:288"
"Oh no! I hit the wall! (Clamping from [x=5.759303, y=-0.031981])";"30";"turtlesim3.sim";"1759221799.209770528";"./src/turtle.cpp:update:288"
"Oh no! I hit the wall! (Clamping from [x=11.120627, y=4.723395])";"30";"turtlesim1.sim";"1759221799.163356691";"./src/turtle.cpp:update:288"
"Oh no! I hit the wall! (Clamping from [x=5.758190, y=-0.031981])";"30";"turtlesim3.sim";"1759221799.162911181";"./src/turtle.cpp:update:288"
"Oh no! I hit the wall! (Clamping from [x=5.757077, y=-0.031981])";"30";"turtlesim3.sim";"1759221799.130768882";"./src/turtle.cpp:update:288"
"Oh no! I hit the wall! (Clamping from [x=11.120627, y=4.727480])";"30";"turtlesim1.sim";"1759221799.123741236";"./src/turtle.cpp:update:288"
"Oh no! I hit the wall! (Clamping from [x=11.120627, y=4.731565])";"30";"turtlesim1.sim";"1759221799.084958902";"./src/turtle.cpp:update:288"
"Oh no! I hit the wall! (Clamping from [x=5.755964, y=-0.031981])";"30";"turtlesim3.sim";"1759221799.078500541";"./src/turtle.cpp:update:288"
"Oh no! I hit the wall! (Clamping from [x=11.120627, y=4.735649])";"30";"turtlesim1.sim";"1759221799.039904795";"./src/turtle.cpp:update:288"
"Oh no! I hit the wall! (Clamping from [x=5.754850, y=-0.031981])";"30";"turtlesim3.sim";"1759221799.026316175";"./src/turtle.cpp:update:288"
"Oh no! I hit the wall! (Clamping from [x=11.120627, y=4.739734])";"30";"turtlesim1.sim";"1759221798.987727593";"./src/turtle.cpp:update:288"
"Oh no! I hit the wall! (Clamping from [x=5.753737, y=-0.031981])";"30";"turtlesim3.sim";"1759221798.992365725";"./src/turtle.cpp:update:288"
"Oh no! I hit the wall! (Clamping from [x=5.752624, y=-0.031981])";"30";"turtlesim3.sim";"1759221798.932999597";"./src/turtle.cpp:update:288"
"Oh no! I hit the wall! (Clamping from [x=11.120627, y=4.743819])";"30";"turtlesim1.sim";"1759221798.925749235";"./src/turtle.cpp:update:288"
"Oh no! I hit the wall! (Clamping from [x=5.751511, y=-0.031981])";"30";"turtlesim3.sim";"1759221798.873548932";"./src/turtle.cpp:update:288"
"Oh no! I hit the wall! (Clamping from [x=11.120627, y=4.747904])";"30";"turtlesim1.sim";"1759221798.863529655";"./src/turtle.cpp:update:288"
"Oh no! I hit the wall! (Clamping from [x=5.750397, y=-0.031981])";"30";"turtlesim3.sim";"1759221798.818631212";"./src/turtle.cpp:update:288"
"Oh no! I hit the wall! (Clamping from [x=11.120627, y=4.751989])";"30";"turtlesim1.sim";"1759221798.816585553";"./src/turtle.cpp:update:288"
"Oh no! I hit the wall! (Clamping from [x=11.120627, y=4.756073])";"30";"turtlesim1.sim";"1759221798.787073737";"./src/turtle.cpp:update:288"
"Oh no! I hit the wall! (Clamping from [x=5.749284, y=-0.031981])";"30";"turtlesim3.sim";"1759221798.773570162";"./src/turtle.cpp:update:288"
"Oh no! I hit the wall! (Clamping from [x=11.120627, y=4.760158])";"30";"turtlesim1.sim";"1759221798.724083257";"./src/turtle.cpp:update:288"
"Oh no! I hit the wall! (Clamping from [x=5.748171, y=-0.031981])";"30";"turtlesim3.sim";"1759221798.722543776";"./src/turtle.cpp:update:288"
"Oh no! I hit the wall! (Clamping from [x=11.120627, y=4.764243])";"30";"turtlesim1.sim";"1759221798.664374116";"./src/turtle.cpp:update:288"
"Oh no! I hit the wall! (Clamping from [x=5.747057, y=-0.031981])";"30";"turtlesim3.sim";"1759221798.649714690";"./src/turtle.cpp:update:288"
"Oh no! I hit the wall! (Clamping from [x=11.120627, y=4.768328])";"30";"turtlesim1.sim";"1759221798.608215412";"./src/turtle.cpp:update:288"
"Oh no! I hit the wall! (Clamping from [x=5.745944, y=-0.031981])";"30";"turtlesim3.sim";"1759221798.599526607";"./src/turtle.cpp:update:288"
"Oh no! I hit the wall! (Clamping from [x=5.744831, y=-0.031981])";"30";"turtlesim3.sim";"1759221798.558157142";"./src/turtle.cpp:update:288"
"Oh no! I hit the wall! (Clamping from [x=11.120627, y=4.772413])";"30";"turtlesim1.sim";"1759221798.552236116";"./src/turtle.cpp:update:288"
"Oh no! I hit the wall! (Clamping from [x=5.743718, y=-0.031981])";"30";"turtlesim3.sim";"1759221798.512667128";"./src/turtle.cpp:update:288"
"Oh no! I hit the wall! (Clamping from [x=11.120627, y=4.776498])";"30";"turtlesim1.sim";"1759221798.507762472";"./src/turtle.cpp:update:288"
"Oh no! I hit the wall! (Clamping from [x=5.742604, y=-0.031981])";"30";"turtlesim3.sim";"1759221798.477321850";"./src/turtle.cpp:update:288"
"Oh no! I hit the wall! (Clamping from [x=11.120627, y=4.780582])";"30";"turtlesim1.sim";"1759221798.477321606";"./src/turtle.cpp:update:288"
"Oh no! I hit the wall! (Clamping from [x=5.741491, y=-0.031981])";"30";"turtlesim3.sim";"1759221798.416829960";"./src/turtle.cpp:update:288"
"Oh no! I hit the wall! (Clamping from [x=11.120627, y=4.784667])";"30";"turtlesim1.sim";"1759221798.409401608";"./src/turtle.cpp:update:288"
"Oh no! I hit the wall! (Clamping from [x=5.740378, y=-0.031981])";"30";"turtlesim3.sim";"1759221798.369185455";"./src/turtle.cpp:update:288"
"Oh no! I hit the wall! (Clamping from [x=11.120627, y=4.788752])";"30";"turtlesim1.sim";"1759221798.356362530";"./src/turtle.cpp:update:288"
"Oh no! I hit the wall! (Clamping from [x=11.120627, y=4.792837])";"30";"turtlesim1.sim";"1759221798.326377501";"./src/turtle.cpp:update:288"
"Oh no! I hit the wall! (Clamping from [x=5.739265, y=-0.031981])";"30";"turtlesim3.sim";"1759221798.322026123";"./src/turtle.cpp:update:288"
"Oh no! I hit the wall! (Clamping from [x=5.738151, y=-0.020185])";"30";"turtlesim3.sim";"1759221798.282945687";"./src/turtle.cpp:update:288"
"Oh no! I hit the wall! (Clamping from [x=11.120627, y=4.796922])";"30";"turtlesim1.sim";"1759221798.267234502";"./src/turtle.cpp:update:288"
"Oh no! I hit the wall! (Clamping from [x=11.120627, y=4.801007])";"30";"turtlesim1.sim";"1759221798.233412295";"./src/turtle.cpp:update:288"
"Oh no! I hit the wall! (Clamping from [x=11.120627, y=4.805091])";"30";"turtlesim1.sim";"1759221798.178178155";"./src/turtle.cpp:update:288"
"Oh no! I hit the wall! (Clamping from [x=11.120627, y=4.809176])";"30";"turtlesim1.sim";"1759221798.132540960";"./src/turtle.cpp:update:288"
"Oh no! I hit the wall! (Clamping from [x=11.120627, y=4.813261])";"30";"turtlesim1.sim";"1759221798.083726596";"./src/turtle.cpp:update:288"
"Oh no! I hit the wall! (Clamping from [x=11.120627, y=4.817346])";"30";"turtlesim1.sim";"1759221798.033130761";"./src/turtle.cpp:update:288"
"Oh no! I hit the wall! (Clamping from [x=11.120627, y=4.821431])";"30";"turtlesim1.sim";"1759221797.930818501";"./src/turtle.cpp:update:288"
"Oh no! I hit the wall! (Clamping from [x=11.120627, y=4.825515])";"30";"turtlesim1.sim";"1759221797.879709578";"./src/turtle.cpp:update:288"
"Oh no! I hit the wall! (Clamping from [x=11.098632, y=4.829600])";"30";"turtlesim1.sim";"1759221797.834249160";"./src/turtle.cpp:update:288"
